Ranking,Player,Age,Points,Tourn_Played,Points_Dropping,Next_Best
1,Pete Sampras,23,0,0,0,0
2,Goran Ivanisevic,23,0,0,0,0
3,Michael Stich,25,0,0,0,0
4,Sergi Bruguera,23,0,0,0,0
5,Stefan Edberg,28,0,0,0,0
6,Boris Becker,26,0,0,0,0
7,Michael Chang,22,0,0,0,0
8,Alberto Berasategui,21,0,0,0,0
9,Todd Martin,24,0,0,0,0
10,Andre Agassi,24,0,0,0,0
11,Wayne Ferreira,23,0,0,0,0
12,Yevgeny Kafelnikov,20,0,0,0,0
13,Andrei Medvedev,20,0,0,0,0
14,Jim Courier,24,0,0,0,0
15,Thomas Muster,27,0,0,0,0
16,Marc Rosset,23,0,0,0,0
17,Magnus Gustafsson,27,0,0,0,0
18,Richard Krajicek,22,0,0,0,0
19,Petr Korda,26,0,0,0,0
20,Carlos Costa,26,0,0,0,0
21,Jason Stoltenberg,24,0,0,0,0
22,MaliVai Washington,25,0,0,0,0
23,Patrick Rafter,21,0,0,0,0
24,Alex Corretja,20,0,0,0,0
25,Andrea Gaudenzi,21,0,0,0,0
26,Jacco Eltingh,24,0,0,0,0
27,Slava Dosedel,24,0,0,0,0
28,Magnus Larsson,24,0,0,0,0
29,Bernd Karbacher,26,0,0,0,0
30,Jaime Yzaga,26,0,0,0,0
31,Arnaud Boetsch,25,0,0,0,0
32,Karel Novacek,29,0,0,0,0
33,Cedric Pioline,25,0,0,0,0
34,Richey Reneberg,29,0,0,0,0
35,Aaron Krickstein,27,0,0,0,0
36,Jared Palmer,23,0,0,0,0
37,Mark Woodforde,29,0,0,0,0
38,David Wheaton,25,0,0,0,0
39,Paul Haarhuis,28,0,0,0,0
40,Renzo Furlan,24,0,0,0,0
41,Alexander Volkov,27,0,0,0,0
42,Javier Sanchez,26,0,0,0,0
43,Gilbert Schaller,25,0,0,0,0
44,Andrei Chesnokov,28,0,0,0,0
45,Karsten Braasch,27,0,0,0,0
46,Horst Skoff,26,0,0,0,0
47,Albert Costa,19,0,0,0,0
48,Fabrice Santoro,21,0,0,0,0
49,Richard Fromberg,24,0,0,0,0
50,Guy Forget,29,0,0,0,0
51,Ronald Agenor,29,0,0,0,0
52,Jonas Bjorkman,22,0,0,0,0
53,Ivan Lendl,34,0,0,0,0
54,Thomas Enqvist,20,0,0,0,0
55,Olivier Delaitre,27,0,0,0,0
56,Jonathan Stark,23,0,0,0,0
57,Daniel Vacek,23,0,0,0,0
58,Markus Zoecke,26,0,0,0,0
59,Franco Davin,24,0,0,0,0
60,Jakob Hlasek,29,0,0,0,0
61,Tomas Carbonell,26,0,0,0,0
62,David Rikl,23,0,0,0,0
63,Marcelo Filippini,27,0,0,0,0
64,Emilio Sanchez,29,0,0,0,0
65,Henrik Holm,26,0,0,0,0
66,Francisco Clavet,25,0,0,0,0
67,Karol Kucera,20,0,0,0,0
68,Chuck Adams,23,0,0,0,0
69,Brad Gilbert,33,0,0,0,0
70,Amos Mansdorf,28,0,0,0,0
71,Martin Damm,22,0,0,0,0
72,Hendrik Dreekmann,19,0,0,0,0
73,Jordi Arrese,30,0,0,0,0
74,Byron Black,25,0,0,0,0
75,Patrick McEnroe,28,0,0,0,0
76,Jeff Tarango,25,0,0,0,0
77,Henri Leconte,31,0,0,0,0
78,Joern Renzenbrink,22,0,0,0,0
79,Marc-Kevin Goellner,24,0,0,0,0
80,Luiz Mattar,31,0,0,0,0
81,Greg Rusedski,21,0,0,0,0
82,Alex O'Brien,24,0,0,0,0
83,Jeremy Bates,32,0,0,0,0
84,Nicklas Kulti,23,0,0,0,0
85,Jan Apell,24,0,0,0,0
86,Lionel Roux,21,0,0,0,0
87,Oscar Martinez,20,0,0,0,0
88,Andrei Olhovskiy,28,0,0,0,0
89,Brett Steven,25,0,0,0,0
90,Jim Grabb,30,0,0,0,0
91,Guillaume Raoux,24,0,0,0,0
92,Javier Frana,27,0,0,0,0
93,Fernando Meligeni,23,0,0,0,0
94,Oliver Gross,21,0,0,0,0
95,Jean-Philippe Fleurian,29,0,0,0,0
96,Younes El Aynaoui,23,0,0,0,0
97,Todd Woodbridge,23,0,0,0,0
98,Lars Jonsson,24,0,0,0,0
99,Gianluca Pozzi,29,0,0,0,0
100,Vincent Spadea,20,0,0,0,0
101,Alexander Mronz,29,0,0,0,0
102,Christian Bergstrom,27,0,0,0,0
103,Karim Alami,21,0,0,0,0
104,Stefano Pescosolido,23,0,0,0,0
105,Mark Petchey,24,0,0,0,0
106,Jamie Morgan,23,0,0,0,0
107,Nicolas Pereira,24,0,0,0,0
108,Marcos Ondruska,21,0,0,0,0
109,Cristiano Caratti,24,0,0,0,0
110,Bryan Shelton,28,0,0,0,0
111,Marcelo Rios,18,0,0,0,0
112,Kenneth Carlsen,21,0,0,0,0
113,Jordi Burillo,21,0,0,0,0
114,Jan Siemerink,24,0,0,0,0
115,Diego Nargiso,24,0,0,0,0
116,Mauricio Hadad,22,0,0,0,0
117,Brent Larkham,22,0,0,0,0
118,Rodolphe Gilbert,25,0,0,0,0
119,Gabriel Markus,24,0,0,0,0
120,Sebastien Lareau,21,0,0,0,0
121,Dimitri Poliakov,26,0,0,0,0
122,Jonas Svensson,27,0,0,0,0
123,Steve Bryan,24,0,0,0,0
124,Christian Ruud,22,0,0,0,0
125,Shuzo Matsuoka,26,0,0,0,0
126,Mats Wilander,30,0,0,0,0
127,Tommy Ho,21,0,0,0,0
128,Hernan Gumy,22,0,0,0,0
129,Carl-Uwe Steeb,27,0,0,0,0
130,Filip Dewulf,22,0,0,0,0
131,Gerard Solves,26,0,0,0,0
132,Andrei Cherkasov,24,0,0,0,0
133,Wally Masur,31,0,0,0,0
134,Robbie Weiss,27,0,0,0,0
135,Alejo Mancisidor,24,0,0,0,0
136,David Prinosil,21,0,0,0,0
137,Patrik Kuhnen,28,0,0,0,0
138,Anders Jarryd,33,0,0,0,0
139,Michael Tebbutt,23,0,0,0,0
140,Paul Wekesa,27,0,0,0,0
141,Roberto Jabali,24,0,0,0,0
142,Francisco Roig,26,0,0,0,0
143,Maurice Ruah,23,0,0,0,0
144,Radomir Vasek,22,0,0,0,0
145,Paolo Cane,29,0,0,0,0
146,Simon Youl,29,0,0,0,0
147,Alex Antonitsch,28,0,0,0,0
148,Leander Paes,21,0,0,0,0
149,Tomas Nydahl,26,0,0,0,0
150,Mikael Tillstrom,22,0,0,0,0
151,Bohdan Ulihrach,19,0,0,0,0
152,Martin Sinner,26,0,0,0,0
153,Stephane Simian,27,0,0,0,0
154,Johan Van Herck,20,0,0,0,0
155,Nuno Marques,24,0,0,0,0
156,Michael Joyce,21,0,0,0,0
157,Daniele Musa,22,0,0,0,0
158,David Adams,24,0,0,0,0
159,Kris Goossens,20,0,0,0,0
160,Arne Thoms,23,0,0,0,0
161,Grant Stafford,23,0,0,0,0
162,Tim Henman,20,0,0,0,0
163,Roger Smith,30,0,0,0,0
164,Lars Rehmann,19,0,0,0,0
165,Emilio Benfele Alvarez,21,0,0,0,0
166,Wade McGuire,25,0,0,0,0
167,Laurence Tieleman,21,0,0,0,0
168,Sergio Cortes,26,0,0,0,0
169,Sandor Noszaly,22,0,0,0,0
170,David Witt,21,0,0,0,0
171,Daniel Orsanic,26,0,0,0,0
172,Daniel Nestor,22,0,0,0,0
173,Thierry Guardiola,23,0,0,0,0
174,David Nainkin,24,0,0,0,0
175,Chris Wilkinson,24,0,0,0,0
176,Christophe Van Garsse,20,0,0,0,0
177,Hicham Arazi,20,0,0,0,0
178,David Engel,27,0,0,0,0
179,Albert Chang,23,0,0,0,0
180,Kenny Thorne,28,0,0,0,0
181,Alex Lopez Moron,23,0,0,0,0
182,Louis Gloria,25,0,0,0,0
183,Hendrik Jan Davids,25,0,0,0,0
184,Gabriel Silberstein,20,0,0,0,0
185,Patrick Baur,29,0,0,0,0
186,Davide Sanguinetti,22,0,0,0,0
187,Sandon Stolle,24,0,0,0,0
188,Oscar Ortiz,21,0,0,0,0
189,Xavier Daufresne,25,0,0,0,0
190,Joao Cunha-Silva,26,0,0,0,0
191,Paul Kilderry,21,0,0,0,0
192,Lars Koslowski,23,0,0,0,0
193,Darren Cahill,29,0,0,0,0
194,Federico Sanchez,23,0,0,0,0
195,Thomas Gollwitzer,28,0,0,0,0
196,Christian Miniussi,27,0,0,0,0
197,Jose-Luis Noriega,25,0,0,0,0
198,Mario Rincon,26,0,0,0,0
199,Lionel Barthez,27,0,0,0,0
200,Christo Van Rensburg,31,0,0,0,0
201,Jose Francisco Altur,26,0,0,0,0
202,Patricio Arnold,22,0,0,0,0
203,Jaime Oncins,24,0,0,0,0
204,Jiri Novak,19,0,0,0,0
205,Fernon Wibier,23,0,0,0,0
206,Jaroslav Bulant,30,0,0,0,0
207,Thierry Champion,28,0,0,0,0
208,Jens Knippschild,19,0,0,0,0
209,Joost Winnink,23,0,0,0,0
210,Leonardo Lavalle,27,0,0,0,0
211,Doug Flach,24,0,0,0,0
212,Jerome Golmard,21,0,0,0,0
213,Horacio De La Pena,28,0,0,0,0
214,Dick Norman,23,0,0,0,0
215,Bing Pan,24,0,0,0,0
216,Vaclav Roubicek,26,0,0,0,0
217,Mark Knowles,23,0,0,0,0
218,Martin Rodriguez,24,0,0,0,0
219,Alejandro Aramburu,25,0,0,0,0
220,Juan Albert Viloca-Puig,21,0,0,0,0
221,Peter Tramacchi,23,0,0,0,0
222,Mark Kaplan,26,0,0,0,0
223,Joshua Eagle,21,0,0,0,0
224,Dirk Dier,22,0,0,0,0
225,Gilad Bloom,27,0,0,0,0
226,Carsten Arriens,25,0,0,0,0
227,Frederic Vitoux,23,0,0,0,0
228,Gonzalo Lopez-Fabero,,0,0,0,0
229,Tamer El Sawy,22,0,0,0,0
230,Richard Matuszewski,30,0,0,0,0
231,Eyal Ran,21,0,0,0,0
232,Axel Finnberg,23,0,0,0,0
233,Alex Radulescu,19,0,0,0,0
234,Sjeng Schalken,18,0,0,0,0
235,Lars Burgsmuller,18,0,0,0,0
236,Frederik Fetterlein,24,0,0,0,0
237,Mario Visconti,25,0,0,0,0
238,Miguel Tobon,26,0,0,0,0
239,Ellis Ferreira,24,0,0,0,0
240,Bing Chao Lin,20,0,0,0,0
241,Emanuel Couto,21,0,0,0,0
242,Wojtek Kowalski,27,0,0,0,0
243,Adrian Voinea,20,0,0,0,0
244,Francisco Montana,24,0,0,0,0
245,Jozsef Krocsko,26,0,0,0,0
246,Kent Kinnear,27,0,0,0,0
247,Jan Kroslak,20,0,0,0,0
248,Ross Matheson,24,0,0,0,0
249,Jan Weinzierl,21,0,0,0,0
250,Miguel Pastura,21,0,0,0,0
251,Pietro Pennisi,24,0,0,0,0
252,Lars-Anders Wahlgren,28,0,0,0,0
253,Roberto Carretero,19,0,0,0,0
254,Omar Camporese,26,0,0,0,0
255,Claude N'Goran,19,0,0,0,0
256,Clinton Marsh,22,0,0,0,0
257,Oleg Ogorodov,22,0,0,0,0
258,Luis Adrian Morejon,21,0,0,0,0
259,Albert Portas,20,0,0,0,0
260,Michael Geserer,24,0,0,0,0
261,Frederic Fontang,24,0,0,0,0
262,Markus Naewie,24,0,0,0,0
263,David Dilucia,24,0,0,0,0
264,Sasa Hirszon,22,0,0,0,0
265,Gaston Etlis,19,0,0,0,0
266,Nick Gould,22,0,0,0,0
267,Thomas Hogstedt,31,0,0,0,0
268,Andrew Foster,22,0,0,0,0
269,David Hall,,0,0,0,0
270,Martin Blackman,24,0,0,0,0
271,Andrei Rybalko,22,0,0,0,0
272,Alex Calatrava,21,0,0,0,0
273,Marco Meneschincheri,22,0,0,0,0
274,Brian MacPhie,22,0,0,0,0
275,Nicolas Kischkewitz,20,0,0,0,0
276,Han-Cheol Shin,24,0,0,0,0
277,Juan Gisbert Jr,20,0,0,0,0
278,Sule Ladipo,20,0,0,0,0
279,Andres Vysand,28,0,0,0,0
280,Branislav Galik,20,0,0,0,0
281,Diego Del Rio,22,0,0,0,0
282,Marcelo Charpentier,21,0,0,0,0
283,Robert Eriksson,23,0,0,0,0
284,Miles MacLagan,20,0,0,0,0
285,Ignacio Martinez,22,0,0,0,0
286,Gary Henderson,24,0,0,0,0
287,Martin Stringari,23,0,0,0,0
288,Mikael Pernfors,31,0,0,0,0
289,Kevin Ullyett,22,0,0,0,0
290,Massimo Calvelli,19,0,0,0,0
291,Ricardo Mena,22,0,0,0,0
292,Bernardo Mota,23,0,0,0,0
293,Iztok Bozic,23,0,0,0,0
294,Oliver Fernandez,21,0,0,0,0
295,Patrick Mohr,23,0,0,0,0
296,Hector Moretti,21,0,0,0,0
297,Ivan Baron,21,0,0,0,0
298,Jimmy Arias,30,0,0,0,0
299,Andrei Merinov,23,0,0,0,0
300,Fabio Silberberg,25,0,0,0,0
301,Juan-Luis Rascon-Lope,23,0,0,0,0
302,Mark Philippoussis,17,0,0,0,0
303,Chris Bailey,26,0,0,0,0
304,Pier Gauthier,22,0,0,0,0
305,Felix Mantilla,20,0,0,0,0
306,Grant Doyle,20,0,0,0,0
307,David Skoch,17,0,0,0,0
308,Nicklas Utgren,25,0,0,0,0
309,Antony Dupuis,21,0,0,0,0
310,Tom Kempers,25,0,0,0,0
311,Grant Connell,28,0,0,0,0
312,Herbert Wiltschnig,18,0,0,0,0
313,Marius Barnard,25,0,0,0,0
314,Pablo Campana,21,0,0,0,0
315,Peter Lundgren,29,0,0,0,0
316,Igor Kornienko,22,0,0,0,0
317,Marcos Aurelio Gorriz,30,0,0,0,0
318,Yong-Il Yoon,21,0,0,0,0
319,Roland Burtscher,25,0,0,0,0
320,Steve Herdoiza,25,0,0,0,0
321,Fabien Cousin,25,0,0,0,0
322,Massimo Valeri,22,0,0,0,0
323,Marian Vajda,29,0,0,0,0
324,Milan Palme,25,0,0,0,0
324,Bojan Vujic,20,0,0,0,0
326,Donald Johnson,26,0,0,0,0
327,Danny Sapsford,25,0,0,0,0
328,Marcio Carlsson,19,0,0,0,0
329,Barry Cowan,20,0,0,0,0
330,Frank Ofori,23,0,0,0,0
331,Steve Campbell,23,0,0,0,0
331,Stephane Matheu,21,0,0,0,0
333,Neil Borwick,27,0,0,0,0
334,Bong-Soo Kim,31,0,0,0,0
335,Sandro Della Piana,26,0,0,0,0
336,Neville Godwin,19,0,0,0,0
337,Libor Nemecek,25,0,0,0,0
338,Stephane Sansoni,27,0,0,0,0
339,Peter Moraing,33,0,0,0,0
340,Rodolfo Ramos-Paganini,24,0,0,0,0
341,Geoff Grant,24,0,0,0,0
342,Massimo Bertolini,20,0,0,0,0
343,Igor Saric,27,0,0,0,0
344,Lorenzo Manta,20,0,0,0,0
345,Martin Zumpft,23,0,0,0,0
346,Luis Herrera,23,0,0,0,0
347,Bill Barber,24,0,0,0,0
348,James Greenhalgh,19,0,0,0,0
349,Carlos Moya,18,0,0,0,0
350,Ofer Sela,22,0,0,0,0
351,Egberto Caldas,21,0,0,0,0
352,Andrei Pavel,20,0,0,0,0
353,Jordi Mas,22,0,0,0,0
354,Mariano Hood,21,0,0,0,0
355,Viktor Nagy,23,0,0,0,0
356,Otavio Della,25,0,0,0,0
357,Chris Woodruff,21,0,0,0,0
358,Michael Zimmerman,24,0,0,0,0
359,Lucas Arnold Ker,20,0,0,0,0
360,Ben Ellwood,18,0,0,0,0
361,Gerald Mandl,23,0,0,0,0
362,Bartlomiej Dabrowski,22,0,0,0,0
363,Yasufumi Yamamoto,23,0,0,0,0
364,Wayne Black,20,0,0,0,0
365,Ola Kristiansson,23,0,0,0,0
366,Juan Garat,21,0,0,0,0
367,Danilo Marcelino,28,0,0,0,0
368,Daniel Courcol,25,0,0,0,0
369,Johan Carlsson,28,0,0,0,0
370,Jonathan Canter,29,0,0,0,0
371,Sascha Nensel,24,0,0,0,0
372,Mark Merklein,22,0,0,0,0
373,Adolf Musil,20,0,0,0,0
374,Brian Dunn,20,0,0,0,0
375,John Sullivan,27,0,0,0,0
376,Guillaume Marx,22,0,0,0,0
376,Franco Squillari,19,0,0,0,0
378,Scott Gessner,21,0,0,0,0
379,Massimo Ardinghi,23,0,0,0,0
380,Andrew Ilie,18,0,0,0,0
381,Johan Anderson,23,0,0,0,0
382,Carlos Gomez-Diaz,25,0,0,0,0
383,Patrik Langvardt,22,0,0,0,0
384,Juan Carlos Bianchi,24,0,0,0,0
385,Torben Theine,26,0,0,0,0
386,Marcelo Saliola,20,0,0,0,0
387,Filippo Messori,20,0,0,0,0
388,German Puentes,21,0,0,0,0
389,Todd Nelson,33,0,0,0,0
390,Patrik Fredriksson,21,0,0,0,0
391,Mose Navarra,20,0,0,0,0
392,Agustin Garizzio,24,0,0,0,0
393,Christian Saceanu,26,0,0,0,0
394,Gerardo Mirad,27,0,0,0,0
395,Yann Lefebvre,,0,0,0,0
396,Carlo Santoro,20,0,0,0,0
397,Roman Ruppenthal,,0,0,0,0
398,Mario Tabares,29,0,0,0,0
399,Fernando Vicente,17,0,0,0,0
400,Alejandro Hernandez,17,0,0,0,0
401,Kip Brady,27,0,0,0,0
402,Tomas Anzari,24,0,0,0,0
403,Bill Behrens,24,0,0,0,0
404,Gunther Vanderveeren,,0,0,0,0
405,Alberto Mancini,25,0,0,0,0
406,Donnie Isaak,25,0,0,0,0
407,Gouichi Motomura,20,0,0,0,0
408,Denis Van Uffelen,23,0,0,0,0
409,Reinhard Wawra,21,0,0,0,0
410,Claudio Pistolesi,27,0,0,0,0
411,Vincenzo Santopadre,23,0,0,0,0
412,Colin Beecher,24,0,0,0,0
413,Brian Gyetko,26,0,0,0,0
414,Vasco Goncalves,20,0,0,0,0
415,Tom Vanhoudt,22,0,0,0,0
416,Daniele Balducci,24,0,0,0,0
417,Dinu Pescariu,20,0,0,0,0
418,Mikael Stadling,28,0,0,0,0
419,Jan Gunnarsson,32,0,0,0,0
420,Jerome Hanquez,20,0,0,0,0
421,Roland Thornqvist,24,0,0,0,0
422,Gary Muller,29,0,0,0,0
423,Martijn Bok,21,0,0,0,0
424,Rafael Rangel,,0,0,0,0
425,Luis Lobo,23,0,0,0,0
426,Federico Browne,18,0,0,0,0
427,Zoltan Nagy,19,0,0,0,0
428,Gabrio Castrichella,21,0,0,0,0
429,Christian Vinck,19,0,0,0,0
430,Gustavo Kuerten,18,0,0,0,0
431,Jacobo Diaz,18,0,0,0,0
432,Juan Balcells,19,0,0,0,0
433,Jimy Szymanski,19,0,0,0,0
434,Allen Belobrajdic,18,0,0,0,0
435,Marco Osorio,22,0,0,0,0
436,Alexander Krell,20,0,0,0,0
437,Hideki Kaneko,20,0,0,0,0
438,Silvio Scaiola,24,0,0,0,0
439,Tuomas Ketola,19,0,0,0,0
440,Felipe Rivera,23,0,0,0,0
441,Philippe Pech,28,0,0,0,0
442,Jose Antonio (Pepe) Conde,24,0,0,0,0
443,David Miketa,19,0,0,0,0
444,Fernando Roese,29,0,0,0,0
445,Wayne Arthurs,23,0,0,0,0
446,Stephen Noteboom,25,0,0,0,0
447,Andrew Sznajder,27,0,0,0,0
448,Dusan Prchlik,,0,0,0,0
449,Robbie Koenig,23,0,0,0,0
450,Ty Tucker,24,0,0,0,0
451,Suwandi Suwandi,18,0,0,0,0
452,Francesco Cina,19,0,0,0,0
453,Hyeong-Keun Song,20,0,0,0,0
454,Nicola Bruno,23,0,0,0,0
455,Gilles Bastie,23,0,0,0,0
456,Andy Zingman,20,0,0,0,0
457,Stephane Huet,23,0,0,0,0
458,Sander Groen,26,0,0,0,0
459,Markus Zillner,24,0,0,0,0
460,Adam Malik,27,0,0,0,0
461,Sang-Hoon Lee,22,0,0,0,0
462,Robert Kroll,21,0,0,0,0
463,James Sekulov,18,0,0,0,0
464,Giorgio Galimberti,18,0,0,0,0
465,Yuri Soberon,,0,0,0,0
466,Diego Perez,32,0,0,0,0
467,Fabio Rizzo,24,0,0,0,0
468,Armand Strombach,18,0,0,0,0
469,Stephen Gleeson,21,0,0,0,0
470,Galo Blanco,18,0,0,0,0
471,Chris Garner,25,0,0,0,0
472,Julian Knowle,20,0,0,0,0
473,Ruben Alvarenga,,0,0,0,0
474,Vladimir Gabrichidze,26,0,0,0,0
475,Eric Winogradsky,28,0,0,0,0
476,Helge Capell,21,0,0,0,0
477,Alexander Reichel,23,0,0,0,0
478,Milen Velev,23,0,0,0,0
479,Federico Mordegan,24,0,0,0,0
480,Yahiya Doumbia,31,0,0,0,0
481,Arnd Caspari,21,0,0,0,0
482,Branislav Stankovic,29,0,0,0,0
483,Dennis Van Scheppingen,19,0,0,0,0
484,Marcelo Ingaramo,32,0,0,0,0
485,Andrew Richardson,20,0,0,0,0
486,Fabio Maggi,19,0,0,0,0
487,Juri Margotto,21,0,0,0,0
488,Robert Kraus,24,0,0,0,0
489,Federico Rovai,20,0,0,0,0
490,Jan Kodes Jr.,22,0,0,0,0
491,Thomas Johansson,19,0,0,0,0
492,Steven Downs,19,0,0,0,0
493,Mahesh Bhupathi,20,0,0,0,0
494,Americo Tupi Venero,22,0,0,0,0
495,Florian Krumrey,24,0,0,0,0
496,Burkhard Scholz,25,0,0,0,0
497,Eyal Erlich,17,0,0,0,0
498,Pietro Angelini,22,0,0,0,0
499,Marcel Reuter,,0,0,0,0
500,Sebastian Weisz,20,0,0,0,0
501,Vicente Solves,25,0,0,0,0
502,Gregory Carraz,19,0,0,0,0
503,Stephane Manai,19,0,0,0,0
504,Daiji Morii,,0,0,0,0
505,George Cosac,26,0,0,0,0
506,Ruben Gajardo,26,0,0,0,0
507,Wolfgang Schranz,18,0,0,0,0
508,Mario Pacheco,25,0,0,0,0
508,Gabriel Trifu,19,0,0,0,0
510,Ignacio Truyol,21,0,0,0,0
511,Thomas Andersen,,0,0,0,0
512,Thomas Buchmayer,23,0,0,0,0
513,Jiri Pelikan,24,0,0,0,0
514,Zsolt Fule,19,0,0,0,0
515,Peter Nyborg,24,0,0,0,0
516,Ashley Naumann,24,0,0,0,0
517,Ernesto Bottiroli,,0,0,0,0
518,Andrew Kratzmann,22,0,0,0,0
519,Gustavo Cavallaro,17,0,0,0,0
519,Gerrit Steenkamp,21,0,0,0,0
521,David Salvador-Estepa,20,0,0,0,0
522,Lior Mor,18,0,0,0,0
523,Rob Givone,21,0,0,0,0
524,Ken Flach,31,0,0,0,0
525,Carlos Di Laura,29,0,0,0,0
525,Seung-Ho Ji,26,0,0,0,0
527,Cedric Melot,21,0,0,0,0
528,Alois Beust,24,0,0,0,0
529,Michael Brown,23,0,0,0,0
530,Heath Denman,23,0,0,0,0
530,Juan Pino,29,0,0,0,0
530,Nenad Zimonjic,18,0,0,0,0
533,Eui-Jong Chang,25,0,0,0,0
534,Tapio Nurminen,19,0,0,0,0
535,Dmitri Tomashevich,20,0,0,0,0
536,Bonit Wiryawan,26,0,0,0,0
537,Andreas Lesch,28,0,0,0,0
538,Michael Roberts,,0,0,0,0
539,Stephan Rhode,26,0,0,0,0
540,Dave Randall,27,0,0,0,0
541,Jerome Potier,32,0,0,0,0
542,Clinton Ferreira,26,0,0,0,0
543,Andrew Batie,24,0,0,0,0
544,Marcelo Rebolledo,22,0,0,0,0
545,Christer Allgardh,27,0,0,0,0
546,Gaurav Natekar,22,0,0,0,0
547,Jose Imaz-Ruiz,20,0,0,0,0
547,Nicolas Sabas,22,0,0,0,0
549,Olivier Soules,27,0,0,0,0
550,Jens Woehrmann,27,0,0,0,0
551,Tony Bujan,,0,0,0,0
552,Yu-Hui Lien,24,0,0,0,0
552,Juan Antonio Marin,19,0,0,0,0
552,Udo Plamberger,23,0,0,0,0
555,Juan Carlos Baguena,27,0,0,0,0
556,Razvan Sabau,17,0,0,0,0
557,Thomas Larsen,19,0,0,0,0
558,Herve Grenier,26,0,0,0,0
559,Eduardo Medica,18,0,0,0,0
560,Jonathan Erlich,17,0,0,0,0
561,Nam-Hoon Kim,24,0,0,0,0
562,Pierre Bouteyre,23,0,0,0,0
563,Rainer Falenti,21,0,0,0,0
564,Alexandre Hocevar,31,0,0,0,0
565,Cassio Motta,34,0,0,0,0
566,Joern Grunewald,,0,0,0,0
567,Vincenzo Carlone,22,0,0,0,0
568,George Bezecny,31,0,0,0,0
569,Mark Quinney,24,0,0,0,0
570,Victor Lopez-Moron,26,0,0,0,0
571,Mehdi Tahiri,17,0,0,0,0
572,Corrado Borroni,21,0,0,0,0
572,Petr Pala,19,0,0,0,0
574,Stephane Andriolo,,0,0,0,0
575,Sascha Bandermann,22,0,0,0,0
576,Attila Savolt,18,0,0,0,0
576,Milan Trneny,23,0,0,0,0
578,Tom Mercer,29,0,0,0,0
579,Alexis Hombrecher,23,0,0,0,0
580,Ricardo Rubio,23,0,0,0,0
581,Mark Joachim,21,0,0,0,0
582,Jaime Cortes,29,0,0,0,0
583,Armando Perez,29,0,0,0,0
583,Yaser Zaatini,,0,0,0,0
585,Tom Nijssen,30,0,0,0,0
586,Noam Behr,19,0,0,0,0
586,Markus Nacke,,0,0,0,0
588,Jia-Ping Xia,25,0,0,0,0
589,Filippo Veglio,20,0,0,0,0
589,Mariano Zabaleta,16,0,0,0,0
591,Andreas Kriebel,,0,0,0,0
592,Todd Larkham,20,0,0,0,0
593,Orlin Stanoytchev,23,0,0,0,0
594,German Lopez,22,0,0,0,0
595,Goran Mihajlovic,,0,0,0,0
596,Jamie Holmes,21,0,0,0,0
597,Tom Spinks,17,0,0,0,0
598,Roberto Azar,28,0,0,0,0
599,Rafael Serpa-Guinazu,19,0,0,0,0
600,Kotaro Miyachi,20,0,0,0,0
601,Brendan Curry,22,0,0,0,0
601,Joao Zwetsch,26,0,0,0,0
603,Marcus Hilpert,23,0,0,0,0
604,David Caballero,19,0,0,0,0
604,Hernan Colombo-Russel,,0,0,0,0
604,Talito Corrales,,0,0,0,0
604,Gergely Kisgyorgy,18,0,0,0,0
604,Huib Troost,23,0,0,0,0
604,Robert Witz,18,0,0,0,0
610,Sebastian Prieto,19,0,0,0,0
610,Davide Scala,22,0,0,0,0
612,Jeffrey Hunter,24,0,0,0,0
613,Tomas Catar,17,0,0,0,0
613,Mathias Huning,25,0,0,0,0
613,Johan Sandberg,24,0,0,0,0
616,Tarik Benhabiles,29,0,0,0,0
617,Brian Devening,27,0,0,0,0
618,Martin Hromec,18,0,0,0,0
618,Francesco Michelotti,,0,0,0,0
620,Andres Alarcon,,0,0,0,0
620,Bertrand Lemercier,26,0,0,0,0
622,Bjorn Jacob,19,0,0,0,0
623,Glenn Wilson,27,0,0,0,0
624,David Pate,32,0,0,0,0
625,Gonzalo Fernandez,24,0,0,0,0
625,Andreas Strauchmann,18,0,0,0,0
627,Chadwick Jones,,0,0,0,0
628,Ville Liukko,20,0,0,0,0
629,Radovoin Forgacs,21,0,0,0,0
630,Matt Lucena,25,0,0,0,0
631,Mark Tjia,23,0,0,0,0
632,Steven Baldas,20,0,0,0,0
633,Michael Kohlmann,20,0,0,0,0
634,Riva Da Silva,24,0,0,0,0
635,Igor Gaudi,19,0,0,0,0
636,Gerardo Parino,23,0,0,0,0
636,Thomas Shimada,19,0,0,0,0
638,Guillermo Canas,16,0,0,0,0
639,Leigh Holland,20,0,0,0,0
640,Nicolas Lapentti,18,0,0,0,0
641,Bohus Danielcik,21,0,0,0,0
642,Paolo Pambianco,27,0,0,0,0
643,Jiu-Hua Zhang,25,0,0,0,0
644,Aleksandar Kitinov,23,0,0,0,0
645,Ryan Blake,28,0,0,0,0
646,Emanuel Rasberger,22,0,0,0,0
646,Jorg Schors,19,0,0,0,0
646,Jairo  Velasco Jr,20,0,0,0,0
649,Marcelo Rebelo,21,0,0,0,0
650,George Bastl,19,0,0,0,0
650,Nicolas Escude,18,0,0,0,0
652,Manuel Ramirez,19,0,0,0,0
653,Damian Furmanski,19,0,0,0,0
653,Elia Grossi,20,0,0,0,0
653,Miguel Merz,,0,0,0,0
656,Scott Sigerseth,25,0,0,0,0
657,Richard Schmidt,29,0,0,0,0
658,Cyril Suk,27,0,0,0,0
659,Eddy Bank,20,0,0,0,0
659,Oren Motevassel,27,0,0,0,0
659,Pier Squillari,19,0,0,0,0
662,Frank Dennhardt,26,0,0,0,0
663,Pavel Vizner,24,0,0,0,0
664,Adam Skrzypczak,20,0,0,0,0
664,Nir Welgreen,17,0,0,0,0
666,Paul Hand,29,0,0,0,0
667,Eduardo Nicolas,22,0,0,0,0
668,Roberto Bracone,19,0,0,0,0
669,Ryuso Tsujino,25,0,0,0,0
670,Morten Christensen,29,0,0,0,0
671,Rolandas Murashka,21,0,0,0,0
672,Daniel De Boer,,0,0,0,0
672,Kim Tiilikainen,19,0,0,0,0
674,Dean Cohen,,0,0,0,0
674,Lars Lampe,,0,0,0,0
674,Ian Williams,23,0,0,0,0
677,Claudio Rodilosso,24,0,0,0,0
678,Martin Strelba,27,0,0,0,0
679,Andrea Spizzica,23,0,0,0,0
680,Toshitsugu Mori,,0,0,0,0
681,Keith Evans,25,0,0,0,0
682,Michael Hegarty,,0,0,0,0
683,Scott Hulse,,0,0,0,0
683,Donny Susetyo,20,0,0,0,0
685,Jimmy Connors,42,0,0,0,0
686,Tommi Lenho,19,0,0,0,0
687,Nelson Aerts,31,0,0,0,0
688,Jong-Woong Yoon,20,0,0,0,0
689,Marten Renstrom,22,0,0,0,0
690,Tae-Hee Kong,24,0,0,0,0
691,Mark Koevermans,26,0,0,0,0
692,Magnus Norman,18,0,0,0,0
692,Markus Rackl,25,0,0,0,0
692,Victor Sendin,19,0,0,0,0
692,Cristiano Testa,21,0,0,0,0
696,Jamie Delgado,17,0,0,0,0
697,Pablo Albano,27,0,0,0,0
698,Kevin Bradley,24,0,0,0,0
698,James Fox,19,0,0,0,0
698,Andrew Painter,19,0,0,0,0
701,Remus Farcas,22,0,0,0,0
702,Ramon Delgado,17,0,0,0,0
702,Helge Koll,19,0,0,0,0
702,Olivier Malcor,19,0,0,0,0
702,Olivier Tauma,20,0,0,0,0
706,Ismael Hernandez,,0,0,0,0
707,Ricardo Camargo,26,0,0,0,0
708,Jose Alejos,23,0,0,0,0
708,Fredrik Bergh,19,0,0,0,0
708,Marek Linhart,19,0,0,0,0
708,Federico Lusin,19,0,0,0,0
708,Matthias A Muller,20,0,0,0,0
713,Christian Tambue,19,0,0,0,0
714,Lars Kirschner,18,0,0,0,0
715,Manuel Gasbarri,,0,0,0,0
715,Kentaro Masuda,23,0,0,0,0
715,Holger Speker,,0,0,0,0
718,David Ekerot,24,0,0,0,0
719,Martijn Belgraver,22,0,0,0,0
719,Tomislav Prpic,22,0,0,0,0
719,Nick Weal,21,0,0,0,0
719,Marcello Wowk,23,0,0,0,0
723,Solon Peppas,19,0,0,0,0
724,Selvam Veerasingam,24,0,0,0,0
725,Brandon Coupe,22,0,0,0,0
726,Chi-Wan Kim,26,0,0,0,0
727,Pascal Lasserre,,0,0,0,0
728,Juan-Sebastian Martinez Nunez,20,0,0,0,0
729,Axel Pretzsch,18,0,0,0,0
730,Johan Donar,28,0,0,0,0
731,Sander Hommel,17,0,0,0,0
732,Enrique Abaroa,20,0,0,0,0
732,Will Forsyth,,0,0,0,0
732,Tal Harel,,0,0,0,0
732,Facundo Nardelli,,0,0,0,0
736,Vitor Martins,,0,0,0,0
737,Sergio Gomez-Barrio,24,0,0,0,0
738,Roman Kukal,17,0,0,0,0
738,Reiner Marzenell,,0,0,0,0
738,Filip Roj,19,0,0,0,0
741,Carlos Drada,19,0,0,0,0
742,Arnaud Casagrande,,0,0,0,0
743,Jong-Sam Chung,21,0,0,0,0
743,Patrick Nestler,24,0,0,0,0
745,Jan Havel,22,0,0,0,0
745,Javier Molina,24,0,0,0,0
745,Ari Nathan,22,0,0,0,0
745,Oliver Trott,,0,0,0,0
745,Rogier Wassen,18,0,0,0,0
750,Zeeshan Ali,24,0,0,0,0
750,Patricio Donati,20,0,0,0,0
750,Luke Jensen,28,0,0,0,0
750,Richard Nicholls,,0,0,0,0
750,Michael Shyjan,24,0,0,0,0
755,Rene Hanak,21,0,0,0,0
756,James Davidson,21,0,0,0,0
756,Bobby Kokavec,18,0,0,0,0
758,Eric Amend,28,0,0,0,0
759,Andrew McLean,,0,0,0,0
759,Naratorn Srichaphan,22,0,0,0,0
761,Martin Laurendeau,30,0,0,0,0
762,Hyun-Cheol Bang,23,0,0,0,0
762,Lior Dahan,19,0,0,0,0
762,Alberto Martin,16,0,0,0,0
762,Radovan Svetlik,20,0,0,0,0
766,Scott Humphries,18,0,0,0,0
767,Ernane Melo,19,0,0,0,0
767,Agustin Moreno,27,0,0,0,0
767,Mohamed Ridaoui,25,0,0,0,0
767,Yonathan Rom,24,0,0,0,0
767,Serge Soulie,25,0,0,0,0
767,Simon Touzil,22,0,0,0,0
773,Tetsuya Chaen,20,0,0,0,0
774,Christian Schaffkes,23,0,0,0,0
775,Rick Leach,29,0,0,0,0
776,Johan Alven,22,0,0,0,0
776,Francisco Costa,21,0,0,0,0
776,Paul Goldstein,18,0,0,0,0
776,Holger Losch,22,0,0,0,0
776,Salvador Navarro,17,0,0,0,0
776,Markus Pfannkuchen,,0,0,0,0
776,Rainer Schuettler,18,0,0,0,0
776,John van Lottum,18,0,0,0,0
776,Patrik Wennberg,25,0,0,0,0
785,Robert Devens,22,0,0,0,0
785,Gustavo Diaz,19,0,0,0,0
785,Joseph Lizardo,25,0,0,0,0
785,Mihai Vanta,,0,0,0,0
785,Tomas Zib,18,0,0,0,0
790,Mark Gurr,,0,0,0,0
790,Brad Sceney,,0,0,0,0
790,Bart Wuyts,25,0,0,0,0
793,Tetsuya Sato,,0,0,0,0
794,Nam-Ju Bae,28,0,0,0,0
794,Jose Antonio Fernandez,29,0,0,0,0
794,Mariano Puerta,16,0,0,0,0
794,Volker Scherzinger,23,0,0,0,0
794,Brian Stanton,20,0,0,0,0
799,Johan De Beer,22,0,0,0,0
799,John Fitzgerald,33,0,0,0,0
799,Trevor Kronemann,26,0,0,0,0
802,Xavier Avila,20,0,0,0,0
802,Brett Dickinson,31,0,0,0,0
802,Greg Failla,26,0,0,0,0
802,Christoph Hoop,,0,0,0,0
802,Jesus Manteca,,0,0,0,0
802,Philippe Pasquier,20,0,0,0,0
802,Marco Zuniga,22,0,0,0,0
809,Sebastien Leblanc,20,0,0,0,0
810,Michael Sell,22,0,0,0,0
811,Jae-Sik Kim,27,0,0,0,0
812,Oscar Burrieza-Lopez,19,0,0,0,0
812,Sergi Duran,18,0,0,0,0
812,Andre Janasik,25,0,0,0,0
812,Brivael Maillet,19,0,0,0,0
812,Rene Nicklisch,18,0,0,0,0
812,Jose Nunes,26,0,0,0,0
812,Oscar Rodriguez,17,0,0,0,0
812,Sven Stadtlander,,0,0,0,0
820,Federico Dondo,22,0,0,0,0
820,Bertrand Madsen,22,0,0,0,0
820,Daniel Ristic,22,0,0,0,0
820,Johannes Saayman,21,0,0,0,0
820,Matt Semler,23,0,0,0,0
820,Marko Srdanovic,,0,0,0,0
826,Andrew Florent,23,0,0,0,0
827,Dennis Schmid,25,0,0,0,0
828,Menno Oosting,30,0,0,0,0
829,Valentin Frieden,23,0,0,0,0
829,Arata Ito,,0,0,0,0
829,Paul Ricar,24,0,0,0,0
832,Chad Clark,20,0,0,0,0
833,Petr Krten,18,0,0,0,0
834,Paul Annacone,31,0,0,0,0
835,Joakim Appelqvist,,0,0,0,0
835,Nebojsa Djordjevic,21,0,0,0,0
835,Pantelis Moschoutis,19,0,0,0,0
835,Jeff Neuman,26,0,0,0,0
835,Sylvano Simone,31,0,0,0,0
840,Kelly Jones,30,0,0,0,0
841,Lennart Jonason,,0,0,0,0
842,Charles Auffray,21,0,0,0,0
842,Seung-Bok Baek,20,0,0,0,0
842,Ulices Cerda,,0,0,0,0
842,Chet Crile,,0,0,0,0
842,Ivo Heuberger,18,0,0,0,0
842,Thomas Strengberger,19,0,0,0,0
848,Gerald Marzenell,30,0,0,0,0
849,Scott Davis,32,0,0,0,0
850,Robert Angelo,24,0,0,0,0
850,Chih-Jung Chen,22,0,0,0,0
850,Jean Demeroutis,23,0,0,0,0
850,Daniel Fiala,22,0,0,0,0
850,Michael Flanagan,22,0,0,0,0
850,Iurie Gorban,18,0,0,0,0
850,Satoshi Iwabuchi,19,0,0,0,0
850,Johan Kriek,36,0,0,0,0
850,Fernando Pena,,0,0,0,0
850,Mark Sibilla,19,0,0,0,0
850,Frank Stettner,,0,0,0,0
850,Eric Taino,19,0,0,0,0
862,Ugo Colombini,27,0,0,0,0
862,Geronimo Degreef,,0,0,0,0
862,Filip Kascak,19,0,0,0,0
862,Tomas Krupa,21,0,0,0,0
866,Francisco Yunis,30,0,0,0,0
867,Sebastien Hette,,0,0,0,0
868,Martin Dvoracek,21,0,0,0,0
868,Kalle Flygt,18,0,0,0,0
868,Falk Fraikin,22,0,0,0,0
868,Ramiro Garcia-Malbran,26,0,0,0,0
868,Eddie Jacques,19,0,0,0,0
868,Jin-Soo Lee,,0,0,0,0
868,Andre Mota,20,0,0,0,0
868,Darren Patten,24,0,0,0,0
868,Jocelyn Robichaud,16,0,0,0,0
868,Thomas Schiessling,19,0,0,0,0
868,Jason Sher,,0,0,0,0
868,Gustavo Silva,,0,0,0,0
868,Jose Maria Vicente,17,0,0,0,0
868,Slobodan Vojinovic,24,0,0,0,0
868,Sulistyo Wibowo,25,0,0,0,0
883,Michael Jessup,18,0,0,0,0
884,Mark Keil,27,0,0,0,0
885,Piotr Baranowski,21,0,0,0,0
885,Yari Bernardo,20,0,0,0,0
885,Maxime Boye,18,0,0,0,0
885,Thomas Breuninger,,0,0,0,0
885,David Draper,22,0,0,0,0
885,Josip Dumanic,19,0,0,0,0
885,Sebastien Graeff,18,0,0,0,0
885,Hyung-Taik Lee,18,0,0,0,0
885,Rodrigo Navarro,20,0,0,0,0
885,Rohit Rajpal,,0,0,0,0
885,Alex Roberman,,0,0,0,0
885,Juan Antonio Saiz,17,0,0,0,0
885,Maxim Sosnovski,22,0,0,0,0
885,Gabriel Terraneo,20,0,0,0,0
899,Andrew Bates,23,0,0,0,0
899,Alaaddin Karagoz,29,0,0,0,0
899,Julien Link,23,0,0,0,0
899,Sascha Petratschek,21,0,0,0,0
899,Alexander Tabares,21,0,0,0,0
899,Blaz Trupej,22,0,0,0,0
905,Ricardo Diniz,18,0,0,0,0
906,Sebastien Deshays,20,0,0,0,0
907,J. Jackson,19,0,0,0,0
908,Gordon Asciak,,0,0,0,0
908,Pedro Braga,19,0,0,0,0
908,Ricardo Colombini,,0,0,0,0
908,Buff Farrow,27,0,0,0,0
908,Patrick Gottesleben,18,0,0,0,0
908,Rene Heidbrink,21,0,0,0,0
908,Dirk Hortian,,0,0,0,0
908,Razvan Itu,25,0,0,0,0
908,Petr Kovacka,22,0,0,0,0
908,Di Lin,,0,0,0,0
908,David Lomicky,,0,0,0,0
908,Daniel Marco,28,0,0,0,0
908,Won-Cheol Park,19,0,0,0,0
908,Johann Potron,17,0,0,0,0
908,Claudio Robles,26,0,0,0,0
908,Ulf Stenlund,27,0,0,0,0
908,Alexander Von Hugo,,0,0,0,0
926,Ivan Herz,22,0,0,0,0
927,Georgi Arabov,19,0,0,0,0
927,Massimo Bianchi,20,0,0,0,0
927,Georg Blumauer,20,0,0,0,0
927,Jaka Bozic,19,0,0,0,0
927,Erik Casas,20,0,0,0,0
927,Luciano D'Andrea,,0,0,0,0
927,Adriano Ferreira,20,0,0,0,0
927,Bruno Fragoso,21,0,0,0,0
927,Rainer Gunther,20,0,0,0,0
927,Ignacio Hirigoyen,18,0,0,0,0
927,Ingo Kroll,26,0,0,0,0
927,Cecil Mamiit,18,0,0,0,0
927,Mark Markov,25,0,0,0,0
927,Aleksander Mierzwinski,18,0,0,0,0
927,Goran Oresic,19,0,0,0,0
927,Ruslan Raynov,,0,0,0,0
927,Francisco Ruiz,21,0,0,0,0
927,Aga Soemarno,,0,0,0,0
927,Daryl Wyatt,19,0,0,0,0
946,Chris Cocotos,,0,0,0,0
947,Marek Miskolci,,0,0,0,0
947,Almos Toth,18,0,0,0,0
949,Vinod Ramachandran,,0,0,0,0
949,Alexandre Strambini,19,0,0,0,0
951,Wayne Boich,,0,0,0,0
952,Andrea Artioli,20,0,0,0,0
952,Nick Baglin,19,0,0,0,0
952,Bob Bierkens,,0,0,0,0
952,Oscar Boix,,0,0,0,0
952,Stefano Cobolli,17,0,0,0,0
952,David Dalgaard,19,0,0,0,0
952,Patrick Flynn,26,0,0,0,0
952,Eduardo Furusho,26,0,0,0,0
952,Chris Gambino,,0,0,0,0
952,Robinson Gamonal,19,0,0,0,0
952,Stephane Grenier,26,0,0,0,0
952,Peter Hajek,19,0,0,0,0
952,Markus Hantschk,16,0,0,0,0
952,Yoav Loewenstein,,0,0,0,0
952,Jerome Loustalot,20,0,0,0,0
952,Sebastien Mattieu,,0,0,0,0
952,Philippe Moggio,21,0,0,0,0
952,Torsten Park,,0,0,0,0
952,Ciprian Petre Porumb,23,0,0,0,0
952,Jerome Simbozel,25,0,0,0,0
973,Niclas Kroon,28,0,0,0,0
974,Timothy Aerts,18,0,0,0,0
974,Daniel Bartschi,,0,0,0,0
974,Matthias Boelsen,22,0,0,0,0
974,Mark Draper,23,0,0,0,0
974,Jordi Estera,20,0,0,0,0
974,Chris Haggard,23,0,0,0,0
974,Alistair Hunt,21,0,0,0,0
974,Allan Larsen,21,0,0,0,0
974,Francesco Zugarelli,19,0,0,0,0
983,Eduardo Barbosa,,0,0,0,0
983,Andre Sa,17,0,0,0,0
985,Benjamin Budziak,20,0,0,0,0
985,Tobias Hildebrand,18,0,0,0,0
985,Sofronio Palahang,27,0,0,0,0
988,Emil Egerer,23,0,0,0,0
989,Tad Berkowitz,20,0,0,0,0
989,Girts Dzelde,31,0,0,0,0
989,Asif Ismail,24,0,0,0,0
989,Jin-So Lee,,0,0,0,0
989,Stefan Leiner,19,0,0,0,0
989,Michael Leonard,25,0,0,0,0
989,Marcelo Manola,20,0,0,0,0
989,Jorge Martinez-Alonso,,0,0,0,0
989,Akira Matsushita,24,0,0,0,0
989,Jean Nabi,,0,0,0,0
989,Haruo Nakano,,0,0,0,0
989,Lazaro Navarro-Batles,20,0,0,0,0
989,Chris Pressley,21,0,0,0,0
989,David Roditi,20,0,0,0,0
989,Manuel Sala,18,0,0,0,0
989,Zoran Sevcenko,24,0,0,0,0
989,Lech Sidor,24,0,0,0,0
989,Johan Sunnemark,,0,0,0,0
989,Mitsuru Takada,25,0,0,0,0
989,Tibor Toth,26,0,0,0,0
989,Wolfgang Tusch,25,0,0,0,0
1010,Paul Garvin,24,0,0,0,0
1011,Jon Ireland,27,0,0,0,0
1011,Dong-Hyun Kim,16,0,0,0,0
1011,Amando Santos,,0,0,0,0
1011,Jack Waite,25,0,0,0,0
1015,Michael Abendroth,25,0,0,0,0
1015,Jon Hedman,18,0,0,0,0
1015,Pedro Leon,23,0,0,0,0
1015,Daniel Merkert,20,0,0,0,0
1015,Fabiano Mintz,,0,0,0,0
1015,Marco Monnecchi,19,0,0,0,0
1015,Fredrik Perman,26,0,0,0,0
1015,Michal Piekos,19,0,0,0,0
1015,Vasudeva Reddy,20,0,0,0,0
1015,Frank Schweikart,22,0,0,0,0
1015,Seung-Ri Sohn,19,0,0,0,0
1015,Aaron Stolpman,23,0,0,0,0
1015,Hidehiko Tanizawa,,0,0,0,0
1028,Sandeep Kirtane,20,0,0,0,0
1029,Tommy Haas,16,0,0,0,0
1029,Sean Steinour,,0,0,0,0
1029,Glenn Weiner,18,0,0,0,0
1032,Paulino Alonso,21,0,0,0,0
1032,Rafael Avalos-Brenes,33,0,0,0,0
1032,Jean-Francois Bachelot,17,0,0,0,0
1032,Shay Baranes,17,0,0,0,0
1032,Mauro Barman,19,0,0,0,0
1032,Tomas Behrend,19,0,0,0,0
1032,Csongor Bibza,17,0,0,0,0
1032,Ladislav Borbely,18,0,0,0,0
1032,Travis Boyd,,0,0,0,0
1032,Paolo Cannova,19,0,0,0,0
1032,Gene Carswell,24,0,0,0,0
1032,Daniele Ceraudo,18,0,0,0,0
1032,Raffael Chajdas,19,0,0,0,0
1032,Wei-Ju Chen,16,0,0,0,0
1032,Siggi Degler,25,0,0,0,0
1032,Pedro Escudero,19,0,0,0,0
1032,Derek Farren,24,0,0,0,0
1032,Amro Ghoneim,20,0,0,0,0
1032,Fredrik Giers,21,0,0,0,0
1032,Warren Goslett,,0,0,0,0
1032,Leopold Grill,21,0,0,0,0
1032,Jean-Noel Grinda,18,0,0,0,0
1032,Omar Haggag,,0,0,0,0
1032,Ali Hamadeh,20,0,0,0,0
1032,Jeroen Heinhuis,,0,0,0,0
1032,Dominik Hrbaty,16,0,0,0,0
1032,David Kass,24,0,0,0,0
1032,Andrew Keve,,0,0,0,0
1032,Marcos Leite,,0,0,0,0
1032,Marc Lohrmann,22,0,0,0,0
1032,Stephen Longley,27,0,0,0,0
1032,Christopher Mark,22,0,0,0,0
1032,Laurence Matthews,26,0,0,0,0
1032,Pablo Minutella,23,0,0,0,0
1032,Fermin Novillo,23,0,0,0,0
1032,Daniel Omaboe,,0,0,0,0
1032,Seung-Kyu Park,22,0,0,0,0
1032,Mattias Pennonen,19,0,0,0,0
1032,Thomas Perchtold,17,0,0,0,0
1032,Miguel Puig,,0,0,0,0
1032,Andreas Rechberger,18,0,0,0,0
1032,Claudio Rigagnoli,,0,0,0,0
1032,Marc Rothchild,,0,0,0,0
1032,Yuji Sakaguchi,23,0,0,0,0
1032,Simon Schwarzkopf,18,0,0,0,0
1032,Davide Selva,,0,0,0,0
1032,Kent Seton,,0,0,0,0
1032,Tae-Beom Shin,20,0,0,0,0
1032,Martin Spottl,18,0,0,0,0
1032,Robert Suevich,21,0,0,0,0
1032,Antonio Torregrosa,,0,0,0,0
1032,Dusan Vemic,18,0,0,0,0
1032,Scott Willinsky,19,0,0,0,0
1032,Pedro Zannoni,,0,0,0,0
1032,Kruno Zrinski,18,0,0,0,0
1088,Marco Cappello,,0,0,0,0
1088,William Kyriakos,,0,0,0,0
1090,Enzo Artoni,18,0,0,0,0
1090,Alberto Banus-Sado,20,0,0,0,0
1090,Fabio Beraldo,21,0,0,0,0
1090,Alexey Gavrilov,19,0,0,0,0
1090,Victor Ivanchev,20,0,0,0,0
1090,Vuk Jovanovic,21,0,0,0,0
1090,Gregory Keymolen,19,0,0,0,0
1090,Vince Mackey,23,0,0,0,0
1090,Thomas Orvald,24,0,0,0,0
1090,Martin Peralta,21,0,0,0,0
1090,Marcos Roy-Girardi,20,0,0,0,0
1090,Thomas Sprinckstub,22,0,0,0,0
1102,Riccardo Ciruolo,19,0,0,0,0
1102,Cameron Liggett,,0,0,0,0
1104,Lan Bale,25,0,0,0,0
1105,Jose Arnedo,20,0,0,0,0
1105,Fredrik Bach,21,0,0,0,0
1105,James Baily,19,0,0,0,0
1105,Edo Bawono,16,0,0,0,0
1105,Marc Becker,,0,0,0,0
1105,Rikard Bergh,28,0,0,0,0
1105,Stephane Bonneau,32,0,0,0,0
1105,Eric Brunner,21,0,0,0,0
1105,David Caldwell,20,0,0,0,0
1105,Sixto Camacho,18,0,0,0,0
1105,Steve Caverzasio,,0,0,0,0
1105,Frantisek Cermak,17,0,0,0,0
1105,Jorge Cordova,23,0,0,0,0
1105,Tomer Dank,17,0,0,0,0
1105,Joseph Deer,,0,0,0,0
1105,Martin Dionne,,0,0,0,0
1105,Gerald Fauser,20,0,0,0,0
1105,Rodrigo Ferreiro,21,0,0,0,0
1105,Abdelhak Hameurlaine,22,0,0,0,0
1105,Michael Hopkinson,,0,0,0,0
1105,Zeljko Krajan,15,0,0,0,0
1105,Niclas Lindstedt,,0,0,0,0
1105,Arnaud L'Official,22,0,0,0,0
1105,Thiemo Maier,20,0,0,0,0
1105,Charles-Edouard Maria,20,0,0,0,0
1105,Jean-Francois Mathieu,,0,0,0,0
1105,Mario Mertens,,0,0,0,0
1105,Khaliq Mohammed,,0,0,0,0
1105,Emile N'Goran,,0,0,0,0
1105,Sebastian Pacheco,23,0,0,0,0
1105,Chang-Hee Park,23,0,0,0,0
1105,Javier Pernicone,18,0,0,0,0
1105,Valentino Pest,18,0,0,0,0
1105,Szilard Petrovits,19,0,0,0,0
1105,Omer Rashid,22,0,0,0,0
1105,Carlo Renzetti,22,0,0,0,0
1105,Kresimir Ritz,21,0,0,0,0
1105,Philippe Robin,,0,0,0,0
1105,Lee Sabin,,0,0,0,0
1105,Eddy Schol,26,0,0,0,0
1105,Florin Segarceanu,33,0,0,0,0
1105,Ji-Hyeob Shin,23,0,0,0,0
1105,Matias Silvano,20,0,0,0,0
1105,Rodrigo Solis,22,0,0,0,0
1105,Thomas Thieulot,23,0,0,0,0
1105,Kengo Usui,19,0,0,0,0
1105,Julien Varlet,17,0,0,0,0
1105,Gerardo Venegas,18,0,0,0,0
1105,Yannick Violette,,0,0,0,0
1105,Jesco Von Heintze,,0,0,0,0
1105,Jurgen Wagner,19,0,0,0,0
1105,Michael Williams,,0,0,0,0
1157,Sergio Ayo,,0,0,0,0
1157,Paulo Escalona,20,0,0,0,0
1157,Ingo Herzgerodt,23,0,0,0,0
1157,Wim Janssens,20,0,0,0,0
1157,Jonathan Leach,21,0,0,0,0
1157,Guido Monaco,19,0,0,0,0
1157,Sergio Naufel,,0,0,0,0
1157,David Perez-Lalanda,24,0,0,0,0
1157,Peter Petrovsky,19,0,0,0,0
1157,Trey Phillips,21,0,0,0,0
1157,Ramayah Ramachandran,24,0,0,0,0
1157,Chris Santoso,18,0,0,0,0
1157,Wei-Yu Su,18,0,0,0,0
1157,Shingo Uehara,25,0,0,0,0
1171,Pablo Escribano,23,0,0,0,0
1171,Graham Gilles,20,0,0,0,0
1171,Udo Riglewski,28,0,0,0,0
1171,Jay Salter,19,0,0,0,0
1171,Otis Smith,28,0,0,0,0
1171,Thomas Sascha Winkler,21,0,0,0,0
1177,Sebastian Allende,,0,0,0,0
1177,Alonso Aramburu,22,0,0,0,0
1177,Tim Blondeel,,0,0,0,0
1177,Derek Brown,23,0,0,0,0
1177,Jorge Campos,19,0,0,0,0
1177,Hyo-Ik Cho,23,0,0,0,0
1177,Vaidas Cikotas,,0,0,0,0
1177,Michael Daniel,28,0,0,0,0
1177,Glen Eaton,,0,0,0,0
1177,Danny Erez,,0,0,0,0
1177,Michal Gawlowski,19,0,0,0,0
1177,Christian Geyer,30,0,0,0,0
1177,Justin Gimelstob,17,0,0,0,0
1177,Wolfram Knobling,,0,0,0,0
1177,Martin Lee,16,0,0,0,0
1177,Nicolas Malcolm,,0,0,0,0
1177,Alvaro Martinez,,0,0,0,0
1177,Ron Mercer,26,0,0,0,0
1177,Khalid Mohammed,,0,0,0,0
1177,Mathias Muller,26,0,0,0,0
1177,Takashi Murakami,,0,0,0,0
1177,Constantin Obretin,18,0,0,0,0
1177,Erhan Oral,23,0,0,0,0
1177,Cosmin Reti,18,0,0,0,0
1177,Roberto Rodriguez Vazquez,24,0,0,0,0
1177,Ricardo Rosas,18,0,0,0,0
1177,Jeff Salzenstein,21,0,0,0,0
1177,Teza Simunyola,23,0,0,0,0
1177,Charlie Singer,28,0,0,0,0
1177,Jurek Stasiak,16,0,0,0,0
1177,Saku Timonen,21,0,0,0,0
1177,Walter Treu,22,0,0,0,0
1177,Corrado Tschabuschnig,22,0,0,0,0
1177,Jamie Turturici,23,0,0,0,0
1177,Louis Van Huyssteen,19,0,0,0,0
1177,Jorge Vila,,0,0,0,0
1177,Constantino Villar,,0,0,0,0
1177,Stephane Woit,20,0,0,0,0
1177,Xin Xu,22,0,0,0,0
1177,Greg Zgola,,0,0,0,0
1177,Jia-Heng Zhang,22,0,0,0,0
1218,Harold Jans,19,0,0,0,0
1219,Marcus Barbosa,23,0,0,0,0
1219,Erik Brummer,,0,0,0,0
1219,Pat Cash,29,0,0,0,0
1219,Mike Chinchiolo,28,0,0,0,0
1219,Kelly Evernden,33,0,0,0,0
1219,Jan-Michael Gambill,17,0,0,0,0
1219,Timur Ganiev,18,0,0,0,0
1219,Mahyar Goodarz,22,0,0,0,0
1219,Pavel Joromsky,19,0,0,0,0
1219,Otakar Jurecka,,0,0,0,0
1219,Cedric Kauffmann,18,0,0,0,0
1219,Dimitri Muzyka,,0,0,0,0
1219,Srinath Prahlad,21,0,0,0,0
1219,Chris Pridham,29,0,0,0,0
1219,Goran Prpic,30,0,0,0,0
1219,Amir Reza,,0,0,0,0
1219,Frederic Sibilla,,0,0,0,0
1219,Rodolfo Varela,17,0,0,0,0
1219,Andrew Zurcher,23,0,0,0,0
1238,Ganiyu Adelekan,19,0,0,0,0
1238,Fabrizio Albani,22,0,0,0,0
1238,Roberto Alvarez,23,0,0,0,0
1238,Michael Andersen,,0,0,0,0
1238,Pedro Araujo,19,0,0,0,0
1238,Maurice Arraes,,0,0,0,0
1238,Jose Ayala,23,0,0,0,0
1238,Tomas Balek,,0,0,0,0
1238,Levente Baratosi,,0,0,0,0
1238,Damir Barisic,17,0,0,0,0
1238,Scott Barron,20,0,0,0,0
1238,Taras Beiko,,0,0,0,0
1238,Bart Beks,21,0,0,0,0
1238,Jeff Belloli,24,0,0,0,0
1238,David Blair,23,0,0,0,0
1238,Mark Booras,23,0,0,0,0
1238,Bjorn Borg,38,0,0,0,0
1238,Eddie Borsboom,,0,0,0,0
1238,Emmanuel Brard,,0,0,0,0
1238,Alberto Brause,19,0,0,0,0
1238,Alexandre Cancado,,0,0,0,0
1238,Juan Ignacio Carrasco,20,0,0,0,0
1238,Owen Casey,24,0,0,0,0
1238,Roberto Cavalcanti,,0,0,0,0
1238,Kacper Cecek,18,0,0,0,0
1238,Carl Chang,25,0,0,0,0
1238,Rob Chess,20,0,0,0,0
1238,Jeff Chiang,25,0,0,0,0
1238,Bernd Christandl,19,0,0,0,0
1238,Radovan Chrz,17,0,0,0,0
1238,Yong-Hak Chung,22,0,0,0,0
1238,Robert Collins,17,0,0,0,0
1238,Paulo Couto,,0,0,0,0
1238,Marcello Craca,19,0,0,0,0
1238,Wynn Criswell,23,0,0,0,0
1238,Patrick Crowe,20,0,0,0,0
1238,Peter Csabai,17,0,0,0,0
1238,Jan Carlos Cueto,23,0,0,0,0
1238,Jose Daher,28,0,0,0,0
1238,Michael De Jongh,24,0,0,0,0
1238,Daryl Delicata,,0,0,0,0
1238,Ivailo Dentchev,21,0,0,0,0
1238,Steve DeVries,29,0,0,0,0
1238,Samir Douat M'Bioka,21,0,0,0,0
1238,Gabriel Falcon,28,0,0,0,0
1238,Marcos Fernandes,,0,0,0,0
1238,Joao Paulo Ferreira,,0,0,0,0
1238,Israel Frias,19,0,0,0,0
1238,Hunter Gallaway,,0,0,0,0
1238,Martin Garcia,17,0,0,0,0
1238,Michael Gardemann,,0,0,0,0
1238,Mark Gatt,16,0,0,0,0
1238,Bill Gluck,,0,0,0,0
1238,Eduardo Gordilho,20,0,0,0,0
1238,Adrian Graimprey,28,0,0,0,0
1238,Colin Grant,,0,0,0,0
1238,Bernd Haberleitner,23,0,0,0,0
1238,Tom Hand,19,0,0,0,0
1238,Marc Hansult,,0,0,0,0
1238,Stefan Heckmanns,31,0,0,0,0
1238,Michael Heel,18,0,0,0,0
1238,Mathias Hellstrom,16,0,0,0,0
1238,Howard Herr,32,0,0,0,0
1238,Emmanuel Heussner,23,0,0,0,0
1238,Christian Hill,19,0,0,0,0
1238,Markus Hipfl,16,0,0,0,0
1238,Maxime Huard,18,0,0,0,0
1238,Hiroki Ishii,23,0,0,0,0
1238,Robert Jahl,,0,0,0,0
1238,Jose Jensen,18,0,0,0,0
1238,Howard Joffe,22,0,0,0,0
1238,Fredrik Jonsson,17,0,0,0,0
1238,Michal Jordan,,0,0,0,0
1238,Curt Josselyn,,0,0,0,0
1238,Bernward Juric,,0,0,0,0
1238,George Kalovelonis,35,0,0,0,0
1238,Takuya Kawamoto,23,0,0,0,0
1238,Ivan Keskinov,24,0,0,0,0
1238,Wilson Khoo,,0,0,0,0
1238,Nicolas Kiefer,17,0,0,0,0
1238,Nitten Kirrtane,20,0,0,0,0
1238,Maciej Kost,,0,0,0,0
1238,Stefan Koubek,17,0,0,0,0
1238,Pavel Kudrnac,20,0,0,0,0
1238,Peter Kuhn,24,0,0,0,0
1238,Christoph Lagneau,,0,0,0,0
1238,P. Langone,,0,0,0,0
1238,Marian Leysek,19,0,0,0,0
1238,Tomasz Lichon,,0,0,0,0
1238,Rozzell Lightfoot,,0,0,0,0
1238,Aramis Lopez,21,0,0,0,0
1238,Joaquin Lopez-San Roman,,0,0,0,0
1238,Severin Luthi,18,0,0,0,0
1238,David Mabbutt,25,0,0,0,0
1238,Matthew MacMahon,,0,0,0,0
1238,Gavin MacMillan,,0,0,0,0
1238,Rashid Malik,31,0,0,0,0
1238,Borut Martincevic,17,0,0,0,0
1238,Kentaro Matsukawa,20,0,0,0,0
1238,John McEnroe,35,0,0,0,0
1238,George McGill,,0,0,0,0
1238,Thierry Meeuws,19,0,0,0,0
1238,Claudio Mezzadri,29,0,0,0,0
1238,Luke Milligan,18,0,0,0,0
1238,Max Mirnyi,17,0,0,0,0
1238,Michael Misa,20,0,0,0,0
1238,Jorg Mitterhofer,19,0,0,0,0
1238,David Morente,18,0,0,0,0
1238,Nuno Mota,,0,0,0,0
1238,Chris Munnerlyn,25,0,0,0,0
1238,Joaquin Munoz-Hernandez,19,0,0,0,0
1238,Daniel Navas,17,0,0,0,0
1238,Wim Neefs,18,0,0,0,0
1238,Peter Netzer,,0,0,0,0
1238,Clement N'Goran,25,0,0,0,0
1238,Leonardo Olguin,18,0,0,0,0
1238,Ricardo Omana,18,0,0,0,0
1238,Afizal Abu Othman,20,0,0,0,0
1238,Stefan Pampulov,18,0,0,0,0
1238,Roberto Parli,21,0,0,0,0
1238,Vladimir Pavicevic,17,0,0,0,0
1238,Brad Pearce,28,0,0,0,0
1238,Bent-Ove Pedersen,27,0,0,0,0
1238,Pedro Pereira,18,0,0,0,0
1238,Bill Pham,,0,0,0,0
1238,Alexandre Pinto,,0,0,0,0
1238,Vladimir Platenik,18,0,0,0,0
1238,Darin Pleasant,24,0,0,0,0
1238,Thorsten Poelzl,20,0,0,0,0
1238,Marko Por,23,0,0,0,0
1238,Thomas Prerovsky,,0,0,0,0
1238,Garett Prins,23,0,0,0,0
1238,John Quimby,,0,0,0,0
1238,Radoslav Radev,21,0,0,0,0
1238,Joseph Rahme,23,0,0,0,0
1238,Balazse Rajo,,0,0,0,0
1238,Roger Rasheed,25,0,0,0,0
1238,Bret Richardson,23,0,0,0,0
1238,Eduardo Rincon,18,0,0,0,0
1238,Christophe Rochus,15,0,0,0,0
1238,John Roddick,18,0,0,0,0
1238,Gonzalo Rodriguez,21,0,0,0,0
1238,Mattias Rohlin,,0,0,0,0
1238,Leandro Rosa,16,0,0,0,0
1238,Barry Ruback,,0,0,0,0
1238,Artur Rusiecki,17,0,0,0,0
1238,Gregg Saffery,21,0,0,0,0
1238,Pablo Saffie,18,0,0,0,0
1238,Masahide Sakamoto,20,0,0,0,0
1238,Dennis Sandkulla,,0,0,0,0
1238,Mark Schembri,,0,0,0,0
1238,Steven Schranz,,0,0,0,0
1238,Marco Seruca,,0,0,0,0
1238,Jae-Il Shin,21,0,0,0,0
1238,Chris Sieber,,0,0,0,0
1238,Fernando Sierra,17,0,0,0,0
1238,Mark Sigalove,,0,0,0,0
1238,Duncan Sillato,,0,0,0,0
1238,Ryan Simme,,0,0,0,0
1238,Marco Sitepu,,0,0,0,0
1238,Martin Sjoqvist,,0,0,0,0
1238,Robert Sliwinski,,0,0,0,0
1238,Carlos Soto,26,0,0,0,0
1238,Daniel Souza,19,0,0,0,0
1238,Martin Stamm,22,0,0,0,0
1238,Wouter Standaart,18,0,0,0,0
1238,Anders Stenman,18,0,0,0,0
1238,Anders Sterman,18,0,0,0,0
1238,Takao Suzuki,18,0,0,0,0
1238,Teddy Tanjung,,0,0,0,0
1238,Gaston Tedesco,17,0,0,0,0
1238,Jim Thomas,20,0,0,0,0
1238,Chris Tontz,20,0,0,0,0
1238,Chia-Yen Tsai,19,0,0,0,0
1238,Toshihisa Tsuchihashi,27,0,0,0,0
1238,Borut Urh,20,0,0,0,0
1238,Jiri Vanek,16,0,0,0,0
1238,Andre Vaz-Pinto,21,0,0,0,0
1238,Camilo Velandia,,0,0,0,0
1238,Julian Vespan,23,0,0,0,0
1238,Arkan Vuran,,0,0,0,0
1238,Charles Wheeler,,0,0,0,0
1238,Greg Winchester,,0,0,0,0
1238,Alexander Windisch,,0,0,0,0
1238,Rick Witsken,23,0,0,0,0
1238,Jeff Wolf,,0,0,0,0
1238,Michael Wyeth,21,0,0,0,0
1238,Jason Yeager,23,0,0,0,0
1238,Karim Zaher,17,0,0,0,0
1238,Sagi Zakin,,0,0,0,0
